IF degree!=False AND nationality==0 AND potential<=0.9503402079239572 AND experiences<=0.35 AND experience<=42.0 THEN Class=hire ,[2357.0; 3874.0],[365; 1992; 1882],{0.0: 4239},(0.16684483)
IF extra_degree==False THEN Class=reject ,[4588.0; 229.0],[4359; 229; 0],{1.0: 2679; 0.0: 1909},(0.004700094347180807)
IF potential<=0.8332282957853104 AND experiences<=0.275531914893617 AND age>=23.0 THEN Class=hire ,[979.0; 998.0],[1; 978; 20],{1.0: 999},(0.05214949317879052)
IF experience<=15.0 AND nationality!=0 AND language_german==False THEN Class=reject ,[117.0; 56.0],[61; 56; 0],{1.0: 117},(0.05410225921521999)
IF gender!=0 AND nationality!=0 AND german_speaking<=0.13043478260869565 AND experiences>=0.1925531914893617 AND german_speaking>=0.047619047619047616 THEN Class=reject ,[28.0; 19.0],[9; 19; 0],{1.0: 28},(0.1206525084641428)
IF german_speaking>=0.058823529411764705 AND potential<=0.8332597047364679 THEN Class=hire ,[7.0; 7.0],[0; 7; 0],{1.0: 7},(0.11652794292508918)
IF german_speaking<=0.05263157894736842 AND extra_degrees>=0.85 THEN Class=reject ,[6.0; 5.0],[2; 4; 1],{1.0: 7},(0.15702479338842973)
IF age>=20.0 THEN Class=hire ,[2.0; 15.0],[0; 2; 13],{1.0: 10; 0.0: 5},(1e-06)
IF TRUE THEN Class=reject ,[8084.0; 5203.0],[4797; 3287; 1916],{0.0: 6153; 1.0: 3847},(1e-06)
