IF degree!=False AND nationality==0 AND potential<=0.9493191830877075 AND age>=20.0 AND experience<=42.0 THEN Class=hire ,[2253.0; 3862.0],[359; 1894; 1968],{0.0: 4221},(0.16649695)
IF potential<=0.6996341112932586 AND extra_degree!=False THEN Class=hire ,[869.0; 870.0],[0; 869; 1],{1.0: 870},(0.1155594327020331)
IF extra_degree==False THEN Class=reject ,[4570.0; 233.0],[4337; 233; 0],{1.0: 2663; 0.0: 1907},(0.007775243387692236)
IF potential<=0.866529483685506 AND experiences<=0.27234042553191495 AND age>=24.0 AND english_speaking>=0.25925925925925924 THEN Class=hire ,[157.0; 175.0],[4; 153; 22],{1.0: 179},(0.1424021719268019)
IF experience>=14.0 AND experiences<=0.2819148936170213 AND dutch_speaking>=0.1794871794871795 THEN Class=hire ,[20.0; 28.0],[1; 19; 9],{1.0: 24; 0.0: 5},(0.10136718750000001)
IF nationality!=0 AND language_german==False THEN Class=reject ,[108.0; 22.0],[86; 22; 0],{1.0: 108},(0.06293339548977334)
IF nationality!=0 AND english_speaking<=0.3333333333333333 THEN Class=reject ,[13.0; 5.0],[8; 5; 0],{1.0: 13},(0.2457466918714556)
IF age>=25.0 THEN Class=hire ,[0.0; 10.0],[0; 0; 10],{0.0: 8; 1.0: 2},(1e-06)
IF TRUE THEN Class=reject ,[7990.0; 5205.0],[4795; 3195; 2010],{0.0: 6141; 1.0: 3859},(1e-06)
