IF extra_degree!=False AND experience<=40.0 THEN Class=hire ,[716.0; 3196.0],[304; 412; 2784],{0.0: 2379; 1.0: 1121},(0.20109)
IF potential<=0.7504660003878296 AND experience<=37.0 THEN Class=reject ,[5366.0; 102.0],[5264; 102; 0],{0.0: 3159; 1.0: 2207},(0.007747360946745605)
IF degree==False THEN Class=reject ,[658.0; 0.0],[658; 0; 0],{0.0: 356; 1.0: 302},(0.031212576480066177)
IF experience>=17.0 AND german_speaking>=1.3888888888811728e-12 AND age>=42.0 AND experiences<=0.34361702127659577 THEN Class=hire ,[62.0; 83.0],[37; 25; 58],{0.0: 94; 1.0: 26},(0.12776286985382387)
IF experience<=13.0 THEN Class=reject ,[312.0; 1.0],[311; 1; 0],{0.0: 188; 1.0: 124},(0.007385431132432743)
IF german_speaking>=0.09090909090909091 AND potential>=0.8671531379913884 THEN Class=hire ,[1.0; 4.0],[0; 1; 3],{0.0: 4},(0.08264462809917356)
IF age>=36.0 THEN Class=reject ,[40.0; 0.0],[40; 0; 0],{0.0: 27; 1.0: 13},(1e-06)
IF TRUE THEN Class=reject ,[7155.0; 3386.0],[6614; 541; 2845],{0.0: 6207; 1.0: 3793},(1e-06)
